#frame,KB Frame,In aria (KB),Risparmio (KB)
0,71.68,47.7196513888889,23.96034861111111
1,71.68,47.7196513888889,23.96034861111111
2,71.68,47.278534722222226,24.40146527777778
3,71.68,47.278534722222226,24.40146527777778
4,71.68,46.829543055555554,24.85045694444445
5,71.68,46.829543055555554,24.85045694444445
6,71.68,46.24148472222223,25.43851527777778
7,71.68,46.24148472222223,25.43851527777778
8,71.68,45.90132361111111,25.778676388888893
9,71.68,45.90132361111111,25.778676388888893
10,71.68,45.998575,25.681425000000008
11,71.68,45.998575,25.681425000000008
12,71.68,46.16654583333334,25.513454166666673
13,71.68,46.16654583333334,25.513454166666673
14,71.68,46.30845138888889,25.371548611111116
15,71.68,46.30845138888889,25.371548611111116
16,71.68,46.39510555555556,25.284894444444447
17,71.68,46.39510555555556,25.284894444444447
18,71.68,46.6734625,25.006537500000004
19,71.68,46.6734625,25.006537500000004
20,71.68,47.30856666666667,24.371433333333332
21,71.68,47.30856666666667,24.371433333333332
22,71.68,48.086218055555555,23.59378194444445
23,71.68,48.086218055555555,23.59378194444445
24,71.68,48.9127625,22.767237500000004
25,71.68,48.9127625,22.767237500000004
26,71.68,49.84002916666667,21.839970833333336
27,71.68,49.84002916666667,21.839970833333336
28,71.68,50.616513888888896,21.06348611111111
29,71.68,50.616513888888896,21.06348611111111
30,71.68,51.36058472222223,20.31941527777778
31,71.68,51.36058472222223,20.31941527777778
32,71.68,51.75513194444445,19.924868055555557
33,71.68,51.75513194444445,19.924868055555557
34,71.68,52.30572083333334,19.374279166666664
35,71.68,52.30572083333334,19.374279166666664
36,71.68,53.26193055555556,18.41806944444445
37,71.68,53.26193055555556,18.41806944444445
38,71.68,55.0667638888889,16.61323611111111
39,71.68,55.0667638888889,16.61323611111111
40,71.68,56.62363194444445,15.05636805555556
41,71.68,56.62363194444445,15.05636805555556
42,71.68,58.278538888888896,13.401461111111113
43,71.68,58.278538888888896,13.401461111111113
44,71.68,59.481994444444446,12.198005555555559
45,71.68,59.481994444444446,12.198005555555559
46,71.68,60.0935513888889,11.586448611111111
47,71.68,60.0935513888889,11.586448611111111
48,71.68,60.588305555555564,11.091694444444446
49,71.68,60.588305555555564,11.091694444444446
50,71.68,61.05738333333334,10.622616666666667
51,71.68,61.05738333333334,10.622616666666667
52,71.68,61.34990555555556,10.330094444444446
53,71.68,61.34990555555556,10.330094444444446
54,71.68,61.58855694444445,10.091443055555558
55,71.68,61.58855694444445,10.091443055555558
56,71.68,62.07123611111112,9.608763888888888
57,71.68,62.07123611111112,9.608763888888888
58,71.68,62.53134027777779,9.148659722222224
59,71.68,62.53134027777779,9.148659722222224
60,71.68,62.579591666666666,9.100408333333338
61,71.68,62.579591666666666,9.100408333333338
62,71.68,62.48269027777778,9.197309722222228
63,71.68,62.48269027777778,9.197309722222228
64,71.68,62.73082083333334,8.949179166666667
65,71.68,62.73082083333334,8.949179166666667
66,71.68,62.74154444444445,8.938455555555555
67,71.68,62.74154444444445,8.938455555555555
68,71.68,62.24348472222223,9.436515277777783
69,71.68,62.24348472222223,9.436515277777783
70,71.68,61.3196888888889,10.360311111111109
71,71.68,61.3196888888889,10.360311111111109
72,71.68,60.16388194444445,11.516118055555557
73,71.68,60.16388194444445,11.516118055555557
74,71.68,58.77635555555556,12.903644444444446
75,71.68,58.77635555555556,12.903644444444446
76,71.68,58.07392500000001,13.606074999999997
77,71.68,58.07392500000001,13.606074999999997
78,71.68,59.51003333333334,12.169966666666669
79,71.68,59.51003333333334,12.169966666666669
80,71.68,60.58545694444445,11.094543055555553
81,71.68,60.58545694444445,11.094543055555553
82,71.68,60.9251513888889,10.754848611111111
83,71.68,60.9251513888889,10.754848611111111
84,71.68,61.04490972222223,10.63509027777778
85,71.68,61.04490972222223,10.63509027777778
86,71.68,61.03069583333334,10.649304166666669
87,71.68,61.03069583333334,10.649304166666669
88,71.68,60.93609861111111,10.743901388888892
89,71.68,60.93609861111111,10.743901388888892
90,71.68,60.70375694444445,10.976243055555559
91,71.68,60.70375694444445,10.976243055555559
92,71.68,60.467487500000004,11.212512500000004
93,71.68,60.467487500000004,11.212512500000004
94,71.68,60.025690277777784,11.654309722222221
95,71.68,60.025690277777784,11.654309722222221
96,71.68,59.36824444444445,12.311755555555559
97,71.68,59.36824444444445,12.311755555555559
98,71.68,58.49765833333334,13.182341666666668
99,71.68,58.49765833333334,13.182341666666668
100,71.68,58.270187500000006,13.409812500000003
101,71.68,58.270187500000006,13.409812500000003
102,71.68,57.63119444444445,14.048805555555555
103,71.68,57.63119444444445,14.048805555555555
104,71.68,57.7927,13.8873
105,71.68,57.7927,13.8873
106,71.68,58.15664166666667,13.523358333333334
107,71.68,58.15664166666667,13.523358333333334
108,71.68,58.46025694444445,13.219743055555554
109,71.68,58.46025694444445,13.219743055555554
110,71.68,58.63899027777778,13.041009722222224
111,71.68,58.63899027777778,13.041009722222224
112,71.68,58.74160833333334,12.938391666666666
113,71.68,58.74160833333334,12.938391666666666
114,71.68,58.766847222222225,12.913152777777782
115,71.68,58.766847222222225,12.913152777777782
116,71.68,59.89913611111111,11.780863888888893
117,71.68,59.89913611111111,11.780863888888893
118,71.68,60.55732083333334,11.122679166666664
119,71.68,60.55732083333334,11.122679166666664
120,71.68,61.2400638888889,10.439936111111113
121,71.68,61.2400638888889,10.439936111111113
122,71.68,61.83491805555556,9.845081944444443
123,71.68,61.83491805555556,9.845081944444443
124,71.68,62.15862916666667,9.521370833333336
125,71.68,62.15862916666667,9.521370833333336
126,71.68,62.413856944444454,9.266143055555553
127,71.68,62.413856944444454,9.266143055555553
128,71.68,62.683804166666675,8.996195833333331
129,71.68,62.683804166666675,8.996195833333331
130,71.68,63.039841666666675,8.640158333333334
131,71.68,63.039841666666675,8.640158333333334
132,71.68,63.31500972222222,8.364990277777782
133,71.68,63.31500972222222,8.364990277777782
134,71.68,63.42296527777778,8.257034722222226
135,71.68,63.42296527777778,8.257034722222226
136,71.68,63.151277777777786,8.52872222222222
137,71.68,63.151277777777786,8.52872222222222
138,71.68,62.843763888888894,8.836236111111115
139,71.68,62.843763888888894,8.836236111111115
140,71.68,63.759150000000005,7.920849999999999
141,71.68,63.759150000000005,7.920849999999999
142,71.68,64.05324722222223,7.626752777777774
143,71.68,64.05324722222223,7.626752777777774
144,71.68,64.6002,7.0798
145,71.68,64.6002,7.0798
146,71.68,64.81406944444446,6.865930555555558
147,71.68,64.81406944444446,6.865930555555558
148,71.68,64.83620694444444,6.84379305555556
149,71.68,64.83620694444444,6.84379305555556
150,71.68,64.39253333333333,7.287466666666669
151,71.68,64.39253333333333,7.287466666666669
152,71.68,64.22622500000001,7.453774999999998
153,71.68,64.22622500000001,7.453774999999998
154,71.68,64.02803750000001,7.651962500000002
155,71.68,64.02803750000001,7.651962500000002
156,71.68,64.22997777777779,7.4500222222222225
157,71.68,64.22997777777779,7.4500222222222225
158,71.68,64.51347777777778,7.166522222222225
159,71.68,64.51347777777778,7.166522222222225
160,71.68,64.853775,6.8262250000000035
161,71.68,64.853775,6.8262250000000035
162,71.68,65.16906666666668,6.510933333333333
163,71.68,65.16906666666668,6.510933333333333
164,71.68,65.28450833333335,6.395491666666664
165,71.68,65.28450833333335,6.395491666666664
166,71.68,65.28170833333334,6.39829166666667
167,71.68,65.28170833333334,6.39829166666667
168,71.68,65.33746527777778,6.342534722222225
169,71.68,65.33746527777778,6.342534722222225
170,71.68,67.21205555555557,4.467944444444445
171,71.68,67.21205555555557,4.467944444444445
172,71.68,67.58204444444445,4.097955555555556
173,71.68,67.58204444444445,4.097955555555556
174,71.68,68.21529166666667,3.46470833333333
175,71.68,68.21529166666667,3.46470833333333
176,71.68,68.78725,2.8927500000000035
177,71.68,68.78725,2.8927500000000035
178,71.68,68.82463194444445,2.855368055555554
179,71.68,68.82463194444445,2.855368055555554
180,71.68,69.24263888888889,2.4373611111111124
181,71.68,69.24263888888889,2.4373611111111124
182,71.68,69.43612083333333,2.2438791666666695
183,71.68,69.43612083333333,2.2438791666666695
184,71.68,69.3007,2.379300000000001
185,71.68,69.3007,2.379300000000001
186,71.68,68.99464444444445,2.6853555555555593
187,71.68,68.99464444444445,2.6853555555555593
188,71.68,68.78655972222224,2.893440277777776
189,71.68,68.78655972222224,2.893440277777776
190,71.68,68.63901527777779,3.040984722222219
191,71.68,68.63901527777779,3.040984722222219
192,71.68,68.11233333333334,3.567666666666669
193,71.68,68.11233333333334,3.567666666666669
194,71.68,66.87053333333334,4.80946666666667
195,71.68,66.87053333333334,4.80946666666667
196,71.68,65.33380000000001,6.346199999999999
197,71.68,65.33380000000001,6.346199999999999
198,71.68,63.756175000000006,7.923825
199,71.68,63.756175000000006,7.923825
200,71.68,62.503311111111124,9.176688888888886
201,71.68,62.503311111111124,9.176688888888886
202,71.68,62.1391263888889,9.540873611111111
203,71.68,62.1391263888889,9.540873611111111
204,71.68,61.86775000000001,9.812249999999997
205,71.68,61.86775000000001,9.812249999999997
206,71.68,61.783526388888895,9.896473611111116
207,71.68,61.783526388888895,9.896473611111116
208,71.68,61.881400000000006,9.798600000000002
209,71.68,61.881400000000006,9.798600000000002
210,71.68,61.85853333333334,9.821466666666664
211,71.68,61.85853333333334,9.821466666666664
212,71.68,61.71947638888889,9.960523611111112
213,71.68,61.71947638888889,9.960523611111112
214,71.68,61.84194722222223,9.838052777777778
215,71.68,61.84194722222223,9.838052777777778
216,71.68,62.21629166666667,9.463708333333333
217,71.68,62.21629166666667,9.463708333333333
218,71.68,62.97332222222223,8.706677777777776
219,71.68,62.97332222222223,8.706677777777776
220,71.68,64.04650000000001,7.633499999999998
221,71.68,64.04650000000001,7.633499999999998
222,71.68,65.18161805555556,6.498381944444447
223,71.68,65.18161805555556,6.498381944444447
224,71.68,66.36995555555556,5.3100444444444435
225,71.68,66.36995555555556,5.3100444444444435
226,71.68,67.33405,4.345950000000003
227,71.68,67.33405,4.345950000000003
228,71.68,68.07679861111112,3.6032013888888916
229,71.68,68.07679861111112,3.6032013888888916
230,71.68,68.64130972222223,3.0386902777777793
231,71.68,68.64130972222223,3.0386902777777793
232,71.68,69.00225694444445,2.677743055555552
233,71.68,69.00225694444445,2.677743055555552
234,71.68,69.29796805555557,2.382031944444442
235,71.68,69.29796805555557,2.382031944444442
236,71.68,69.42810972222223,2.2518902777777785
237,71.68,69.42810972222223,2.2518902777777785
238,71.68,69.45446666666668,2.2255333333333307
239,71.68,69.45446666666668,2.2255333333333307
240,71.68,69.4687388888889,2.211261111111111
241,71.68,69.4687388888889,2.211261111111111
242,71.68,69.43113333333334,2.248866666666667
243,71.68,69.43113333333334,2.248866666666667
244,71.68,69.31849166666667,2.3615083333333304
245,71.68,69.31849166666667,2.3615083333333304
246,71.68,68.92529583333334,2.7547041666666705
247,71.68,68.92529583333334,2.7547041666666705
248,71.68,68.79215972222222,2.887840277777781
249,71.68,68.79215972222222,2.887840277777781
250,71.68,68.56927777777778,3.110722222222221
251,71.68,68.56927777777778,3.110722222222221
252,71.68,67.88352083333334,3.796479166666666
253,71.68,67.88352083333334,3.796479166666666
254,71.68,66.76211111111111,4.917888888888892
255,71.68,66.76211111111111,4.917888888888892
256,71.68,65.58187222222223,6.098127777777776
257,71.68,65.58187222222223,6.098127777777776
258,71.68,64.48843333333333,7.191566666666668
259,71.68,64.48843333333333,7.191566666666668
260,71.68,63.110979166666674,8.569020833333333
261,71.68,63.110979166666674,8.569020833333333
262,71.68,63.33685555555556,8.343144444444446
263,71.68,63.33685555555556,8.343144444444446
264,71.68,64.55742222222223,7.122577777777776
265,71.68,64.55742222222223,7.122577777777776
266,71.68,65.8311013888889,5.848898611111116
267,71.68,65.8311013888889,5.848898611111116
268,71.68,66.82849444444444,4.851505555555555
269,71.68,66.82849444444444,4.851505555555555
270,71.68,67.50971111111112,4.170288888888887
271,71.68,67.50971111111112,4.170288888888887
272,71.68,67.87864027777778,3.8013597222222235
273,71.68,67.87864027777778,3.8013597222222235
274,71.68,67.90031111111111,3.779688888888892
275,71.68,67.90031111111111,3.779688888888892
276,71.68,67.76510416666667,3.9148958333333366
277,71.68,67.76510416666667,3.9148958333333366
278,71.68,67.4866013888889,4.193398611111109
279,71.68,67.4866013888889,4.193398611111109
280,71.68,67.3109013888889,4.3690986111111085
281,71.68,67.3109013888889,4.3690986111111085
282,71.68,67.11064305555556,4.569356944444446
283,71.68,67.11064305555556,4.569356944444446
284,71.68,66.802225,4.877775000000001
285,71.68,66.802225,4.877775000000001
286,71.68,66.60894722222223,5.071052777777775
287,71.68,66.60894722222223,5.071052777777775
288,71.68,66.74356111111112,4.93643888888889
289,71.68,66.74356111111112,4.93643888888889
290,71.68,67.06239166666667,4.617608333333332
291,71.68,67.06239166666667,4.617608333333332
292,71.68,67.41230416666667,4.267695833333334
293,71.68,67.41230416666667,4.267695833333334
294,71.68,67.46021527777779,4.219784722222221
295,71.68,67.46021527777779,4.219784722222221
296,71.68,67.18279166666667,4.49720833333333
297,71.68,67.18279166666667,4.49720833333333
298,71.68,66.6250375,5.054962500000001
299,71.68,66.6250375,5.054962500000001
300,71.68,66.22530833333334,5.454691666666668
301,71.68,66.22530833333334,5.454691666666668
302,71.68,65.07808611111112,6.601913888888892
303,71.68,65.07808611111112,6.601913888888892
304,71.68,63.4519375,8.228062500000004
305,71.68,63.4519375,8.228062500000004
306,71.68,62.13306944444445,9.546930555555555
307,71.68,62.13306944444445,9.546930555555555
308,71.68,61.06587083333334,10.614129166666665
309,71.68,61.06587083333334,10.614129166666665
310,71.68,61.08139722222223,10.598602777777778
311,71.68,61.08139722222223,10.598602777777778
312,71.68,61.041963888888894,10.638036111111115
313,71.68,61.041963888888894,10.638036111111115
314,71.68,60.90824444444445,10.77175555555556
315,71.68,60.90824444444445,10.77175555555556
316,71.68,60.217470833333344,11.462529166666666
317,71.68,60.217470833333344,11.462529166666666
318,71.68,59.43631944444445,12.243680555555553
319,71.68,59.43631944444445,12.243680555555553
320,71.68,58.86615000000001,12.813849999999997
321,71.68,58.86615000000001,12.813849999999997
322,71.68,58.65771527777778,13.022284722222222
323,71.68,58.65771527777778,13.022284722222222
324,71.68,58.628645833333344,13.051354166666664
325,71.68,58.628645833333344,13.051354166666664
326,71.68,58.69339583333334,12.986604166666668
327,71.68,58.69339583333334,12.986604166666668
328,71.68,58.77219444444445,12.907805555555559
329,71.68,58.77219444444445,12.907805555555559
330,71.68,58.82361527777778,12.856384722222222
331,71.68,58.82361527777778,12.856384722222222
332,71.68,58.81707222222223,12.862927777777776
333,71.68,58.81707222222223,12.862927777777776
334,71.68,58.8336388888889,12.846361111111108
335,71.68,58.8336388888889,12.846361111111108
336,71.68,58.91656944444445,12.763430555555558
337,71.68,58.91656944444445,12.763430555555558
338,71.68,59.00593611111111,12.674063888888893
339,71.68,59.00593611111111,12.674063888888893
340,71.68,59.35655833333334,12.32344166666667
341,71.68,59.35655833333334,12.32344166666667
342,71.68,60.530905555555556,11.149094444444449
343,71.68,60.530905555555556,11.149094444444449
344,71.68,62.113061111111115,9.56693888888889
345,71.68,62.113061111111115,9.56693888888889
346,71.68,62.90044444444445,8.779555555555556
347,71.68,62.90044444444445,8.779555555555556
348,71.68,62.643301388888894,9.036698611111113
349,71.68,62.643301388888894,9.036698611111113
350,71.68,62.34372083333334,9.336279166666666
351,71.68,62.34372083333334,9.336279166666666
352,71.68,60.270340277777784,11.409659722222221
353,71.68,60.270340277777784,11.409659722222221
354,71.68,60.19182361111112,11.488176388888887
355,71.68,60.19182361111112,11.488176388888887
356,71.68,60.03054166666667,11.649458333333335
357,71.68,60.03054166666667,11.649458333333335
358,71.68,60.026876388888894,11.65312361111111
359,71.68,60.026876388888894,11.65312361111111
360,71.68,60.18064305555556,11.499356944444447
361,71.68,60.18064305555556,11.499356944444447
362,71.68,60.524236111111115,11.15576388888889
363,71.68,60.524236111111115,11.15576388888889
364,71.68,60.992273611111116,10.68772638888889
365,71.68,60.992273611111116,10.68772638888889
366,71.68,61.31439027777778,10.365609722222223
367,71.68,61.31439027777778,10.365609722222223
368,71.68,61.67574583333334,10.004254166666668
369,71.68,61.67574583333334,10.004254166666668
370,71.68,62.043265277777785,9.63673472222222
371,71.68,62.043265277777785,9.63673472222222
372,71.68,62.44001944444445,9.239980555555555
373,71.68,62.44001944444445,9.239980555555555
374,71.68,62.888155555555564,8.791844444444445
375,71.68,62.888155555555564,8.791844444444445
376,71.68,63.28980000000001,8.390200000000002
377,71.68,63.28980000000001,8.390200000000002
378,71.68,63.73089722222223,7.949102777777776
379,71.68,63.73089722222223,7.949102777777776
380,71.68,64.18678194444445,7.493218055555554
381,71.68,64.18678194444445,7.493218055555554
382,71.68,64.56000833333334,7.119991666666666
383,71.68,64.56000833333334,7.119991666666666
384,71.68,64.87135277777779,6.808647222222221
385,71.68,64.87135277777779,6.808647222222221
386,71.68,64.98444166666667,6.695558333333336
387,71.68,64.98444166666667,6.695558333333336
388,71.68,64.94653472222222,6.733465277777781
389,71.68,64.94653472222222,6.733465277777781
390,71.68,64.94298611111113,6.737013888888889
391,71.68,64.94298611111113,6.737013888888889
392,71.68,64.91108750000001,6.768912500000002
393,71.68,64.91108750000001,6.768912500000002
394,71.68,64.95607222222223,6.72392777777778
395,71.68,64.95607222222223,6.72392777777778
396,71.68,64.93076527777778,6.749234722222221
397,71.68,64.93076527777778,6.749234722222221
398,71.68,64.89558055555557,6.784419444444444
399,71.68,64.89558055555557,6.784419444444444
400,71.68,65.12642500000001,6.553574999999997
401,71.68,65.12642500000001,6.553574999999997
402,71.68,66.42769583333335,5.252304166666667
403,71.68,66.42769583333335,5.252304166666667
404,71.68,69.07775000000001,2.602249999999997
405,71.68,69.07775000000001,2.602249999999997
406,71.68,71.00125277777778,0.6787472222222244
407,71.68,71.00125277777778,0.6787472222222244
408,71.68,71.59174166666666,0.08825833333333663
409,71.68,71.59174166666666,0.08825833333333663
410,71.68,71.68,0.0
411,71.68,71.68,0.0
412,71.68,71.60139583333334,0.07860416666666879
413,71.68,71.60139583333334,0.07860416666666879
414,71.68,71.50820833333334,0.17179166666666562
415,71.68,71.50820833333334,0.17179166666666562
416,71.68,71.50581666666668,0.1741833333333341
417,71.68,71.50581666666668,0.1741833333333341
418,71.68,71.68,0.0
419,71.68,71.68,0.0
420,71.68,71.68,0.0
421,71.68,71.68,0.0
422,71.68,71.68,0.0
423,71.68,71.68,0.0
424,71.68,71.68,0.0
425,71.68,71.68,0.0
426,71.68,71.68,0.0
427,71.68,71.68,0.0
428,71.68,71.24872222222223,0.4312777777777808
429,71.68,71.24872222222223,0.4312777777777808
430,71.68,70.07847777777778,1.6015222222222247
431,71.68,70.07847777777778,1.6015222222222247
432,71.68,68.86933472222223,2.8106652777777756
433,71.68,68.86933472222223,2.8106652777777756
434,71.68,68.93961666666668,2.740383333333332
435,71.68,68.93961666666668,2.740383333333332
436,71.68,69.70804166666667,1.9719583333333346
437,71.68,69.70804166666667,1.9719583333333346
438,71.68,70.58245833333334,1.0975416666666673
439,71.68,70.58245833333334,1.0975416666666673
440,71.68,71.10343333333334,0.5765666666666676
441,71.68,71.10343333333334,0.5765666666666676
442,71.68,71.1851,0.49490000000000356
443,71.68,71.1851,0.49490000000000356
444,71.68,71.11594583333334,0.564054166666665
445,71.68,71.11594583333334,0.564054166666665
446,71.68,71.05845833333333,0.6215416666666704
447,71.68,71.05845833333333,0.6215416666666704
448,71.68,70.65351805555557,1.0264819444444413
449,71.68,70.65351805555557,1.0264819444444413
450,71.68,70.11601527777778,1.5639847222222252
451,71.68,70.11601527777778,1.5639847222222252
452,71.68,69.798225,1.8817750000000038
453,71.68,69.798225,1.8817750000000038
454,71.68,69.57508055555556,2.1049194444444415
455,71.68,69.57508055555556,2.1049194444444415
456,71.68,69.19960833333334,2.480391666666667
457,71.68,69.19960833333334,2.480391666666667
458,71.68,69.45805416666667,2.221945833333332
459,71.68,69.45805416666667,2.221945833333332
460,71.68,69.65531805555557,2.024681944444441
461,71.68,69.65531805555557,2.024681944444441
462,71.68,68.67987777777778,3.000122222222226
463,71.68,68.67987777777778,3.000122222222226
464,71.68,67.22142777777779,4.458572222222221
465,71.68,67.22142777777779,4.458572222222221
466,71.68,66.28428333333333,5.39571666666667
467,71.68,66.28428333333333,5.39571666666667
468,71.68,65.66095277777778,6.019047222222222
469,71.68,65.66095277777778,6.019047222222222
470,71.68,65.41673055555556,6.263269444444448
471,71.68,65.41673055555556,6.263269444444448
472,71.68,65.4094,6.2706000000000035
473,71.68,65.4094,6.2706000000000035
474,71.68,65.42237916666667,6.257620833333335
475,71.68,65.42237916666667,6.257620833333335
476,71.68,65.41721666666668,6.262783333333336
477,71.68,65.41721666666668,6.262783333333336
478,71.68,65.38348055555556,6.296519444444441
479,71.68,65.38348055555556,6.296519444444441
480,71.68,65.3589125,6.321087499999999
481,71.68,65.3589125,6.321087499999999
482,71.68,65.28565555555556,6.394344444444444
483,71.68,65.28565555555556,6.394344444444444
484,71.68,65.12660972222223,6.553390277777782
485,71.68,65.12660972222223,6.553390277777782
486,71.68,64.859025,6.820975000000001
487,71.68,64.859025,6.820975000000001
488,71.68,64.59613611111112,7.083863888888891
489,71.68,64.59613611111112,7.083863888888891
490,71.68,64.46764722222223,7.212352777777777
491,71.68,64.46764722222223,7.212352777777777
492,71.68,64.43686666666667,7.243133333333335
493,71.68,64.43686666666667,7.243133333333335
494,71.68,64.47591111111112,7.204088888888889
495,71.68,64.47591111111112,7.204088888888889
496,71.68,64.49259444444445,7.187405555555555
497,71.68,64.49259444444445,7.187405555555555
498,71.68,64.50820833333334,7.171791666666667
499,71.68,64.50820833333334,7.171791666666667
500,71.68,64.54126388888889,7.138736111111114
501,71.68,64.54126388888889,7.138736111111114
502,71.68,64.56367361111111,7.116326388888892
503,71.68,64.56367361111111,7.116326388888892
504,71.68,64.64174305555557,7.038256944444446
505,71.68,64.64174305555557,7.038256944444446
506,71.68,64.69577916666667,6.984220833333334
507,71.68,64.69577916666667,6.984220833333334
508,71.68,64.73499861111111,6.945001388888892
509,71.68,64.73499861111111,6.945001388888892
510,71.68,64.78435833333333,6.895641666666671
511,71.68,64.78435833333333,6.895641666666671
512,71.68,64.8298,6.850200000000002
513,71.68,64.8298,6.850200000000002
514,71.68,64.89680555555556,6.783194444444448
515,71.68,64.89680555555556,6.783194444444448
516,71.68,64.91823333333333,6.761766666666669
517,71.68,64.91823333333333,6.761766666666669
518,71.68,64.86603472222222,6.81396527777778
519,71.68,64.86603472222222,6.81396527777778
520,71.68,64.76306666666667,6.916933333333338
521,71.68,64.76306666666667,6.916933333333338
522,71.68,65.33617222222223,6.343827777777776
523,71.68,65.33617222222223,6.343827777777776
524,71.68,65.96689166666668,5.713108333333331
525,71.68,65.96689166666668,5.713108333333331
526,71.68,66.55521250000001,5.124787499999997
527,71.68,66.55521250000001,5.124787499999997
528,71.68,67.14831666666667,4.531683333333334
529,71.68,67.14831666666667,4.531683333333334
530,71.68,67.57407222222223,4.105927777777781
531,71.68,67.57407222222223,4.105927777777781
532,71.68,68.12209444444446,3.5579055555555534
533,71.68,68.12209444444446,3.5579055555555534
534,71.68,68.61004305555556,3.0699569444444412
535,71.68,68.61004305555556,3.0699569444444412
536,71.68,69.09258611111112,2.5874138888888902
537,71.68,69.09258611111112,2.5874138888888902
538,71.68,69.52939583333334,2.1506041666666706
539,71.68,69.52939583333334,2.1506041666666706
540,71.68,69.65570694444445,2.0242930555555576
541,71.68,69.65570694444445,2.0242930555555576
542,71.68,68.40344583333334,3.2765541666666653
543,71.68,68.40244444444446,3.277555555555554
544,71.68,67.80959305555557,3.8704069444444453
545,71.68,67.8086888888889,3.871311111111113
546,71.68,67.74295694444446,3.937043055555553
547,71.68,67.74235416666667,3.9376458333333315
548,71.68,66.47150416666666,5.2084958333333375
549,71.68,66.47150416666666,5.2084958333333375
550,71.68,66.07485694444445,5.605143055555556
551,71.68,66.07485694444445,5.605143055555556
552,71.68,65.5317638888889,6.148236111111108
553,71.68,65.5317638888889,6.148236111111108
554,71.68,64.85247222222223,6.827527777777782
555,71.68,64.85247222222223,6.827527777777782
556,71.68,64.18025833333334,7.4997416666666705
557,71.68,64.18025833333334,7.4997416666666705
558,71.68,63.59719722222223,8.082802777777783
559,71.68,63.596458333333345,8.083541666666665
560,71.68,63.207530555555564,8.472469444444444
561,71.68,63.207530555555564,8.472469444444444
562,71.68,62.72517222222223,8.95482777777778
563,71.68,62.724540277777784,8.955459722222225
564,71.68,62.78970833333334,8.890291666666672
565,71.68,62.78833750000001,8.891662499999997
566,71.68,62.821023611111116,8.858976388888891
567,71.68,62.82114027777778,8.858859722222224
568,71.68,62.74442222222223,8.935577777777782
569,71.68,62.74358611111112,8.936413888888886
570,71.68,62.21833333333334,9.461666666666664
571,71.68,62.216933333333344,9.463066666666665
572,71.68,61.72785694444445,9.952143055555558
573,71.68,61.72719583333334,9.952804166666667
574,71.68,61.49437777777778,10.185622222222225
575,71.68,61.49548611111112,10.184513888888889
576,71.68,61.26370833333334,10.416291666666668
577,71.68,61.266061111111114,10.413938888888891
578,71.68,60.816923611111115,10.86307638888889
579,71.68,60.818537500000005,10.861462500000005
580,71.68,60.38872777777778,11.291272222222222
581,71.68,60.38872777777778,11.291272222222222
582,71.68,59.99589166666667,11.684108333333336
583,71.68,59.99676666666667,11.683233333333332
584,71.68,59.362440277777786,12.317559722222223
585,71.68,59.362975000000006,12.317025
586,71.68,58.67411666666668,13.005883333333331
587,71.68,58.675963888888894,13.004036111111112
588,71.68,57.63130138888889,14.048698611111115
589,71.68,57.63130138888889,14.048698611111115
590,71.68,56.97052083333334,14.709479166666666
591,71.68,56.97052083333334,14.709479166666666
592,71.68,57.18159027777779,14.49840972222222
593,71.68,57.18159027777779,14.49840972222222
594,71.68,57.310030555555564,14.369969444444445
595,71.68,57.310030555555564,14.369969444444445
596,71.68,57.19592083333333,14.484079166666671
597,71.68,57.19592083333333,14.484079166666671
598,71.68,57.13923055555556,14.540769444444448
599,71.68,57.13923055555556,14.540769444444448
600,71.68,57.14561805555556,14.534381944444444
601,71.68,57.14561805555556,14.534381944444444
602,71.68,57.11652916666667,14.563470833333334
603,71.68,57.11652916666667,14.563470833333334
604,71.68,56.99698472222223,14.683015277777779
605,71.68,56.99698472222223,14.683015277777779
606,71.68,56.933576388888895,14.746423611111114
607,71.68,56.933576388888895,14.746423611111114
608,71.68,57.136100000000006,14.5439
609,71.68,57.141136111111116,14.538863888888892
610,71.68,57.34525416666667,14.334745833333338
611,71.68,57.34804444444445,14.33195555555556
612,71.68,57.49790277777778,14.182097222222223
613,71.68,57.498272222222226,14.181727777777779
614,71.68,57.566434722222226,14.113565277777779
615,71.68,57.566434722222226,14.113565277777779
616,71.68,57.62479722222223,14.055202777777778
617,71.68,57.62479722222223,14.055202777777778
618,71.68,57.76575972222223,13.91424027777778
619,71.68,57.76575972222223,13.91424027777778
620,71.68,57.90186111111112,13.778138888888888
621,71.68,57.90186111111112,13.778138888888888
622,71.68,58.026879166666674,13.653120833333334
623,71.68,58.026879166666674,13.653120833333334
624,71.68,58.21295277777779,13.467047222222222
625,71.68,58.21295277777779,13.467047222222222
626,71.68,58.41879166666667,13.261208333333334
627,71.68,58.41879166666667,13.261208333333334
628,71.68,58.44119166666667,13.238808333333338
629,71.68,58.44119166666667,13.238808333333338
630,71.68,58.434006944444455,13.245993055555555
631,71.68,58.434006944444455,13.245993055555555
632,71.68,58.48483472222223,13.195165277777779
633,71.68,58.48483472222223,13.195165277777779
634,71.68,58.62894722222223,13.051052777777777
635,71.68,58.62894722222223,13.051052777777777
636,71.68,58.74585694444445,12.93414305555556
637,71.68,58.74585694444445,12.93414305555556
638,71.68,58.86526527777779,12.81473472222222
639,71.68,58.86526527777779,12.81473472222222
640,71.68,59.02416527777778,12.65583472222222
641,71.68,59.02416527777778,12.65583472222222
642,71.68,59.16090833333334,12.519091666666666
643,71.68,59.16090833333334,12.519091666666666
644,71.68,59.09071388888889,12.589286111111116
645,71.68,59.09071388888889,12.589286111111116
646,71.68,59.01907083333334,12.660929166666666
647,71.68,59.01907083333334,12.660929166666666
648,71.68,59.03652222222223,12.643477777777777
649,71.68,59.03652222222223,12.643477777777777
650,71.68,59.069140277777784,12.610859722222227
651,71.68,59.069140277777784,12.610859722222227
652,71.68,59.116195833333336,12.56380416666667
653,71.68,59.116195833333336,12.56380416666667
654,71.68,59.17089305555556,12.509106944444444
655,71.68,59.17089305555556,12.509106944444444
656,71.68,59.18541805555556,12.494581944444445
657,71.68,59.18541805555556,12.494581944444445
658,71.68,58.97448472222223,12.705515277777778
659,71.68,58.97448472222223,12.705515277777778
660,71.68,58.75714444444445,12.92285555555556
661,71.68,58.75714444444445,12.92285555555556
662,71.68,58.718877777777784,12.961122222222224
663,71.68,58.718877777777784,12.961122222222224
664,71.68,58.97224861111112,12.707751388888889
665,71.68,58.97224861111112,12.707751388888889
666,71.68,58.980337500000005,12.699662500000004
667,71.68,58.98999166666667,12.690008333333337
668,71.68,59.00040416666668,12.679595833333332
669,71.68,58.99966527777779,12.680334722222222
670,71.68,59.2412138888889,12.438786111111108
671,71.68,59.24053333333334,12.43946666666667
672,71.68,59.475947222222224,12.204052777777783
673,71.68,59.46969583333334,12.210304166666667
674,71.68,59.5342513888889,12.145748611111111
675,71.68,59.52301250000001,12.1569875
676,71.68,59.476734722222226,12.203265277777781
677,71.68,59.4632013888889,12.216798611111109
678,71.68,59.432498611111114,12.247501388888892
679,71.68,59.42026805555556,12.259731944444445
680,71.68,59.37402916666667,12.305970833333333
681,71.68,59.36873055555556,12.311269444444447
682,71.68,59.28542083333334,12.39457916666667
683,71.68,59.286412500000004,12.3935875
684,71.68,59.07529444444445,12.604705555555554
685,71.68,59.07529444444445,12.604705555555554
686,71.68,58.80062222222223,12.879377777777776
687,71.68,58.80062222222223,12.879377777777776
688,71.68,58.49164027777778,13.188359722222227
689,71.68,58.49164027777778,13.188359722222227
690,71.68,58.21002638888889,13.469973611111111
691,71.68,58.21127083333334,13.468729166666671
692,71.68,58.079437500000004,13.600562500000004
693,71.68,58.079437500000004,13.600562500000004
694,71.68,57.90466111111112,13.775338888888891
695,71.68,57.90466111111112,13.775338888888891
696,71.68,57.67927083333334,14.000729166666666
697,71.68,57.67927083333334,14.000729166666666
698,71.68,57.47578472222223,14.204215277777775
699,71.68,57.47641666666667,14.203583333333333
700,71.68,57.447347222222234,14.232652777777776
701,71.68,57.447638888888896,14.232361111111114
702,71.68,57.406650000000006,14.273349999999999
703,71.68,57.40657222222222,14.273427777777782
704,71.68,57.51294305555556,14.167056944444449
705,71.68,57.51294305555556,14.167056944444449
706,71.68,57.70393611111112,13.976063888888886
707,71.68,57.70339166666667,13.976608333333337
708,71.68,57.9570638888889,13.72293611111111
709,71.68,57.95546944444445,13.724530555555559
710,71.68,58.11766527777778,13.562334722222225
711,71.68,58.11551666666667,13.564483333333333
712,71.68,58.79554722222223,12.884452777777776
713,71.68,58.79554722222223,12.884452777777776
714,71.68,59.858701388888896,11.82129861111111
715,71.68,59.858701388888896,11.82129861111111
716,71.68,60.59690972222223,11.083090277777776
717,71.68,60.59690972222223,11.083090277777776
718,71.68,61.11807916666667,10.561920833333335
719,71.68,61.11807916666667,10.561920833333335
720,71.68,61.68371805555556,9.99628194444445
721,71.68,61.68371805555556,9.99628194444445
722,71.68,62.35528055555556,9.32471944444445
723,71.68,62.35528055555556,9.32471944444445
724,71.68,62.870645833333334,8.80935416666667
725,71.68,62.870645833333334,8.80935416666667
726,71.68,63.06425416666667,8.615745833333335
727,71.68,63.06425416666667,8.615745833333335
728,71.68,63.094995833333336,8.585004166666668
729,71.68,63.094995833333336,8.585004166666668
730,71.68,62.98032222222223,8.699677777777781
731,71.68,62.98032222222223,8.699677777777781
732,71.68,62.91263611111112,8.76736388888889
733,71.68,62.91263611111112,8.76736388888889
734,71.68,62.8138875,8.866112500000005
735,71.68,62.80585694444445,8.87414305555556
736,71.68,62.95228333333334,8.727716666666664
737,71.68,62.936912500000005,8.743087500000001
738,71.68,62.97573333333334,8.704266666666669
739,71.68,62.949425000000005,8.730574999999998
740,71.68,62.710618055555564,8.969381944444445
741,71.68,62.68461111111112,8.995388888888892
742,71.68,62.22118194444445,9.458818055555557
743,71.68,62.19904444444445,9.480955555555555
744,71.68,61.785704166666676,9.894295833333334
745,71.68,61.76657083333334,9.913429166666665
746,71.68,61.19044166666667,10.489558333333331
747,71.68,61.16190694444445,10.518093055555553
748,71.68,60.370586111111116,11.309413888888892
749,71.68,60.33144444444445,11.34855555555556
750,71.68,59.22851666666667,12.451483333333334
751,71.68,59.199175000000004,12.480825000000003
752,71.68,58.09140555555556,13.588594444444443
753,71.68,58.085231944444445,13.59476805555556
754,71.68,57.02472222222223,14.655277777777778
755,71.68,57.02472222222223,14.655277777777778
756,71.68,56.43647916666667,15.243520833333335
757,71.68,56.43647916666667,15.243520833333335
758,71.68,56.970336111111116,14.709663888888889
759,71.68,56.970336111111116,14.709663888888889
760,71.68,57.225350000000006,14.45465
761,71.68,57.225350000000006,14.45465
762,71.68,57.09878611111111,14.581213888888893
763,71.68,57.09878611111111,14.581213888888893
764,71.68,56.987991666666666,14.692008333333337
765,71.68,56.96523194444445,14.71476805555556
766,71.68,57.17545555555556,14.504544444444447
767,71.68,57.16017222222222,14.519827777777781
768,71.68,57.43718750000001,14.242812500000001
769,71.68,57.40490000000001,14.275099999999998
770,71.68,57.67866805555556,14.001331944444443
771,71.68,57.62549722222223,14.05450277777778
772,71.68,57.82083611111112,13.85916388888889
773,71.68,57.75628055555556,13.923719444444444
774,71.68,57.91670694444445,13.763293055555554
775,71.68,57.846493055555555,13.83350694444445
776,71.68,57.990975000000006,13.689025
777,71.68,57.94563055555557,13.734369444444441
778,71.68,58.043261111111114,13.636738888888889
779,71.68,57.987698611111114,13.692301388888891
780,71.68,58.028444444444446,13.651555555555557
781,71.68,57.99569027777778,13.68430972222222
782,71.68,57.91819444444445,13.761805555555553
783,71.68,57.87514444444445,13.804855555555553
784,71.68,57.91062083333334,13.769379166666669
785,71.68,57.88879444444445,13.791205555555559
786,71.68,57.83878333333334,13.84121666666667
787,71.68,57.926030555555556,13.753969444444447
788,71.68,57.908326388888895,13.771673611111108
789,71.68,57.892984722222224,13.787015277777781
790,71.68,57.878527777777784,13.801472222222223
791,71.68,57.85947222222222,13.82052777777778
792,71.68,57.9260888888889,13.75391111111111
793,71.68,57.9260888888889,13.75391111111111
794,71.68,57.876670833333336,13.80332916666667
795,71.68,57.876670833333336,13.80332916666667
796,71.68,57.69008194444445,13.98991805555556
797,71.68,57.69008194444445,13.98991805555556
798,71.68,57.58840694444445,14.091593055555558
799,71.68,57.58840694444445,14.091593055555558
800,71.68,57.613645833333344,14.066354166666665
801,71.68,57.613645833333344,14.066354166666665
802,71.68,57.6312138888889,14.04878611111111
803,71.68,57.6312138888889,14.04878611111111
804,71.68,57.59339444444445,14.086605555555561
805,71.68,57.59339444444445,14.086605555555561
806,71.68,57.805329166666674,13.874670833333331
807,71.68,57.805329166666674,13.874670833333331
808,71.68,57.98753333333334,13.69246666666667
809,71.68,57.98753333333334,13.69246666666667
810,71.68,58.10840972222223,13.571590277777782
811,71.68,58.10840972222223,13.571590277777782
812,71.68,58.15048750000001,13.529512499999997
813,71.68,58.15048750000001,13.529512499999997
814,71.68,58.195287500000006,13.484712499999999
815,71.68,58.195287500000006,13.484712499999999
816,71.68,58.31541527777779,13.36458472222222
817,71.68,58.31541527777779,13.36458472222222
818,71.68,58.993754166666676,12.686245833333334
819,71.68,58.993754166666676,12.686245833333334
820,71.68,60.36149583333334,11.318504166666665
821,71.68,60.36149583333334,11.318504166666665
822,71.68,61.56698333333334,10.11301666666667
823,71.68,61.56698333333334,10.11301666666667
824,71.68,62.47369722222223,9.206302777777779
825,71.68,62.47369722222223,9.206302777777779
826,71.68,63.36067500000001,8.319325
827,71.68,63.36067500000001,8.319325
828,71.68,64.14444166666667,7.535558333333336
829,71.68,64.14444166666667,7.535558333333336
830,71.68,64.9023763888889,6.77762361111111
831,71.68,64.9023763888889,6.77762361111111
832,71.68,65.5611638888889,6.1188361111111105
833,71.68,65.5611638888889,6.1188361111111105
834,71.68,66.00469166666667,5.675308333333333
835,71.68,66.00385555555556,5.676144444444445
836,71.68,66.45895277777778,5.221047222222224
837,71.68,66.45883611111111,5.22116388888889
838,71.68,66.89618055555556,4.783819444444449
839,71.68,66.89394444444444,4.786055555555559
840,71.68,67.1241763888889,4.5558236111111095
841,71.68,67.12551805555556,4.554481944444448
842,71.68,67.17974861111112,4.500251388888888
843,71.68,67.17834861111112,4.501651388888886
844,71.68,67.08696944444445,4.593030555555555
845,71.68,67.08766944444444,4.592330555555556
846,71.68,66.96391527777779,4.716084722222224
847,71.68,66.96416805555556,4.715831944444445
848,71.68,66.89496527777779,4.785034722222225
849,71.68,66.89423611111111,4.785763888888888
850,71.68,66.91787083333334,4.762129166666663
851,71.68,66.91787083333334,4.762129166666663
852,71.68,66.91469166666667,4.765308333333333
853,71.68,66.91469166666667,4.765308333333333
854,71.68,67.35207500000001,4.327925
855,71.68,67.35207500000001,4.327925
856,71.68,67.32891666666667,4.351083333333332
857,71.68,67.32891666666667,4.351083333333332
858,71.68,67.27951805555556,4.4004819444444445
859,71.68,67.27951805555556,4.4004819444444445
860,71.68,67.50732916666666,4.172670833333337
861,71.68,67.50732916666666,4.172670833333337
862,71.68,67.7427138888889,3.937286111111113
863,71.68,67.7427138888889,3.937286111111113
864,71.68,67.82779305555556,3.852206944444446
865,71.68,67.82779305555556,3.852206944444446
866,71.68,67.80115416666666,3.878845833333337
867,71.68,67.80115416666666,3.878845833333337
868,71.68,67.77445694444445,3.9055430555555577
869,71.68,67.77445694444445,3.9055430555555577
870,71.68,67.8226013888889,3.8573986111111123
871,71.68,67.8226013888889,3.8573986111111123
872,71.68,67.88084722222223,3.799152777777778
873,71.68,67.88084722222223,3.799152777777778
874,71.68,68.07142222222222,3.6085777777777803
875,71.68,68.07142222222222,3.6085777777777803
876,71.68,68.13591944444445,3.544080555555554
877,71.68,68.13591944444445,3.544080555555554
878,71.68,68.1200625,3.5599375000000033
879,71.68,68.1200625,3.5599375000000033
880,71.68,68.00583611111112,3.674163888888889
881,71.68,68.00583611111112,3.674163888888889
882,71.68,67.57300277777777,4.106997222222226
883,71.68,67.57300277777777,4.106997222222226
884,71.68,66.62434722222223,5.055652777777781
885,71.68,66.62434722222223,5.055652777777781
886,71.68,65.25761666666668,6.422383333333334
887,71.68,65.25761666666668,6.422383333333334
888,71.68,63.948840277777784,7.731159722222223
889,71.68,63.948840277777784,7.731159722222223
890,71.68,62.64647083333334,9.03352916666667
891,71.68,62.64647083333334,9.03352916666667
892,71.68,61.60525000000001,10.074749999999998
893,71.68,61.60525000000001,10.074749999999998
894,71.68,60.81560138888889,10.864398611111115
895,71.68,60.81560138888889,10.864398611111115
896,71.68,59.94782500000001,11.732174999999998
897,71.68,59.94782500000001,11.732174999999998
898,71.68,59.3009763888889,12.37902361111111
899,71.68,59.3009763888889,12.37902361111111
900,71.68,59.0373,12.642700000000001
901,71.68,59.0373,12.642700000000001
902,71.68,59.01500694444445,12.664993055555557
903,71.68,59.01500694444445,12.664993055555557
904,71.68,58.935187500000005,12.744812500000004
905,71.68,58.935187500000005,12.744812500000004
906,71.68,58.84770694444445,12.832293055555557
907,71.68,58.84770694444445,12.832293055555557
908,71.68,58.64475555555556,13.035244444444444
909,71.68,58.64475555555556,13.035244444444444
910,71.68,58.413366666666676,13.266633333333333
911,71.68,58.413366666666676,13.266633333333333
912,71.68,58.12679444444445,13.55320555555556
913,71.68,58.12679444444445,13.55320555555556
914,71.68,57.624009722222226,14.055990277777779
915,71.68,57.624009722222226,14.055990277777779
916,71.68,56.8938125,14.786187500000004
917,71.68,56.8938125,14.786187500000004
918,71.68,56.02468472222223,15.655315277777778
919,71.68,56.02468472222223,15.655315277777778
920,71.68,55.59744166666667,16.08255833333334
921,71.68,55.59744166666667,16.08255833333334
922,71.68,55.51413194444445,16.165868055555553
923,71.68,55.51413194444445,16.165868055555553
924,71.68,55.75627361111112,15.923726388888888
925,71.68,55.77163472222223,15.908365277777778
926,71.68,55.68449444444445,15.995505555555559
927,71.68,55.69621944444445,15.983780555555558
928,71.68,55.86314027777778,15.816859722222222
929,71.68,55.89165555555556,15.788344444444448
930,71.68,56.120623611111114,15.559376388888893
931,71.68,56.16233194444445,15.517668055555554
932,71.68,56.30368333333334,15.376316666666666
933,71.68,56.380858333333336,15.299141666666669
934,71.68,56.3333263888889,15.34667361111111
935,71.68,56.38080972222223,15.299190277777779
936,71.68,56.2693638888889,15.410636111111112
937,71.68,56.2952638888889,15.384736111111112
938,71.68,56.107693055555565,15.572306944444444
939,71.68,56.129179166666674,15.550820833333335
940,71.68,55.83139722222223,15.848602777777778
941,71.68,55.84823611111111,15.831763888888894
942,71.68,55.34294305555556,16.33705694444445
943,71.68,55.320640277777784,16.359359722222223
944,71.68,54.894719444444455,16.785280555555552
945,71.68,54.84185000000001,16.83815
946,71.68,54.50084305555556,17.179156944444447
947,71.68,54.442937500000006,17.2370625
948,71.68,54.163044444444445,17.516955555555562
949,71.68,54.08392500000001,17.596075
950,71.68,53.86434861111112,17.81565138888889
951,71.68,53.75509027777778,17.924909722222225
952,71.68,53.71056250000001,17.969437499999998
953,71.68,53.589734722222225,18.09026527777778
954,71.68,53.605591666666676,18.074408333333334
955,71.68,53.49057777777779,18.18942222222222
956,71.68,53.45300138888889,18.22699861111111
957,71.68,53.35908472222223,18.32091527777778
958,71.68,53.23128611111111,18.448713888888893
959,71.68,53.11646666666667,18.56353333333334
960,71.68,53.155102777777785,18.524897222222222
961,71.68,53.02049861111112,18.659501388888888
962,71.68,53.476577777777784,18.203422222222223
963,71.68,53.355156944444445,18.32484305555556
964,71.68,53.60294722222223,18.07705277777778
965,71.68,53.489654166666675,18.190345833333335
966,71.68,53.762576388888895,17.91742361111111
967,71.68,53.67091527777778,18.009084722222223
968,71.68,53.96231944444445,17.717680555555557
969,71.68,53.85877777777779,17.82122222222222
970,71.68,54.23456111111112,17.445438888888887
971,71.68,54.2103138888889,17.46968611111111
972,71.68,54.62458750000001,17.0554125
973,71.68,54.61782083333334,17.062179166666667
974,71.68,54.97920555555556,16.700794444444448
975,71.68,54.976911111111114,16.703088888888892
976,71.68,55.365858333333335,16.314141666666668
977,71.68,55.36818194444445,16.311818055555555
978,71.68,55.737811111111114,15.942188888888893
979,71.68,55.74015416666667,15.939845833333335
980,71.68,56.040629166666676,15.639370833333334
981,71.68,56.04535416666667,15.634645833333334
982,71.68,56.30317777777778,15.376822222222224
983,71.68,56.30792222222223,15.372077777777777
984,71.68,56.42840972222223,15.251590277777781
985,71.68,56.41835694444445,15.26164305555556
986,71.68,56.52330833333334,15.15669166666667
987,71.68,56.50438888888889,15.175611111111115
988,71.68,56.654276388888896,15.025723611111115
989,71.68,56.62964027777779,15.05035972222222
990,71.68,56.97957222222223,14.700427777777776
991,71.68,56.963433333333334,14.716566666666669
992,71.68,57.69989166666667,13.980108333333332
993,71.68,57.6863875,13.993612500000005
994,71.68,58.126075,13.553925000000005
995,71.68,58.1075638888889,13.572436111111113
996,71.68,58.146306944444454,13.533693055555556
997,71.68,58.11985277777778,13.560147222222223
998,71.68,58.26642500000001,13.413574999999998
999,71.68,58.243597222222235,13.436402777777776
1000,71.68,58.337902777777785,13.342097222222224
1001,71.68,58.318691666666666,13.361308333333339
1002,71.68,58.45771944444445,13.222280555555555
1003,71.68,58.44139583333334,13.23860416666667
1004,71.68,58.55305555555556,13.12694444444445
1005,71.68,58.53851111111111,13.141488888888894
1006,71.68,58.58620833333334,13.093791666666668
1007,71.68,58.566297222222225,13.113702777777783
1008,71.68,58.49922361111111,13.180776388888892
1009,71.68,58.47932222222223,13.200677777777779
1010,71.68,58.41831527777778,13.261684722222228
1011,71.68,58.39817083333334,13.281829166666666
1012,71.68,58.41931666666667,13.260683333333338
1013,71.68,58.40105833333334,13.278941666666666
1014,71.68,58.496793055555564,13.183206944444445
1015,71.68,58.48598194444445,13.194018055555558
1016,71.68,58.683352777777785,12.996647222222219
1017,71.68,58.682613888888895,12.99738611111111
1018,71.68,58.8751138888889,12.804886111111111
1019,71.68,58.86940694444446,12.810593055555552
1020,71.68,58.84710416666667,12.832895833333335
1021,71.68,58.83940416666667,12.840595833333337
1022,71.68,58.812541666666675,12.867458333333333
1023,71.68,58.80355833333334,12.876441666666667
1024,71.68,58.76883055555557,12.911169444444443
1025,71.68,58.75764027777779,12.922359722222222
1026,71.68,58.676323611111115,13.003676388888893
1027,71.68,58.66912916666667,13.010870833333337
1028,71.68,58.69867500000001,12.981325
1029,71.68,58.69867500000001,12.981325
1030,71.68,58.76268611111112,12.917313888888886
1031,71.68,58.76268611111112,12.917313888888886
1032,71.68,58.96734861111111,12.712651388888892
1033,71.68,58.96734861111111,12.712651388888892
1034,71.68,59.93791805555556,11.742081944444445
1035,71.68,59.93791805555556,11.742081944444445
1036,71.68,60.60711805555556,11.072881944444449
1037,71.68,60.60711805555556,11.072881944444449
1038,71.68,60.53885833333334,11.14114166666667
1039,71.68,60.53885833333334,11.14114166666667
1040,71.68,59.755295833333335,11.924704166666672
1041,71.68,59.755295833333335,11.924704166666672
1042,71.68,59.57244027777779,12.107559722222222
1043,71.68,59.57244027777779,12.107559722222222
1044,71.68,59.31809722222223,12.361902777777782
1045,71.68,59.31809722222223,12.361902777777782
1046,71.68,59.074341666666676,12.605658333333333
1047,71.68,59.074341666666676,12.605658333333333
1048,71.68,58.94077777777778,12.739222222222226
1049,71.68,58.94077777777778,12.739222222222226
1050,71.68,58.8777388888889,12.80226111111111
1051,71.68,58.87788472222223,12.802115277777778
1052,71.68,58.83353194444445,12.846468055555556
1053,71.68,58.83919027777778,12.840809722222223
1054,71.68,58.91345833333334,12.766541666666672
1055,71.68,58.92695277777778,12.753047222222227
1056,71.68,59.09199722222223,12.588002777777776
1057,71.68,59.11704166666667,12.562958333333333
1058,71.68,59.256545833333334,12.423454166666671
1059,71.68,59.32992916666667,12.350070833333334
1060,71.68,59.21908611111112,12.460913888888888
1061,71.68,59.30287222222223,12.37712777777778
1062,71.68,59.06595138888889,12.614048611111114
1063,71.68,59.29951805555556,12.380481944444446
1064,71.68,58.831723611111116,12.848276388888891
1065,71.68,59.33129027777778,12.348709722222226
1066,71.68,58.34044027777778,13.339559722222225
1067,71.68,58.648051388888895,13.031948611111108
1068,71.68,57.154893055555554,14.525106944444449
1069,71.68,57.328230555555564,14.351769444444445
1070,71.68,55.810727777777785,15.869272222222222
1071,71.68,55.88897222222223,15.79102777777778
1072,71.68,54.8702388888889,16.809761111111108
1073,71.68,54.89250277777778,16.787497222222225
1074,71.68,54.4963513888889,17.183648611111114
1075,71.68,54.4963513888889,17.183648611111114
1076,71.68,54.7351,16.944900000000004
1077,71.68,54.75195833333334,16.92804166666667
1078,71.68,55.16959583333333,16.51040416666667
1079,71.68,55.15092916666667,16.529070833333336
1080,71.68,55.897284722222224,15.78271527777778
1081,71.68,55.88221527777779,15.79778472222222
1082,71.68,56.53438194444445,15.145618055555559
1083,71.68,56.50244444444445,15.177555555555555
1084,71.68,57.18167777777778,14.498322222222226
1085,71.68,57.183418055555556,14.496581944444447
1086,71.68,58.73637777777778,12.943622222222224
1087,71.68,58.73538611111111,12.944613888888894
1088,71.68,60.37111111111112,11.30888888888889
1089,71.68,60.3709263888889,11.309073611111112
1090,71.68,62.047338888888895,9.63266111111111
1091,71.68,62.047338888888895,9.63266111111111
1092,71.68,63.376405555555564,8.303594444444443
1093,71.68,63.376405555555564,8.303594444444443
1094,71.68,64.11053055555556,7.5694694444444455
1095,71.68,64.11053055555556,7.5694694444444455
1096,71.68,64.3518263888889,7.3281736111111115
1097,71.68,64.3518263888889,7.3281736111111115
1098,71.68,64.42354722222223,7.256452777777778
1099,71.68,64.42354722222223,7.256452777777778
1100,71.68,64.42079583333334,7.259204166666664
1101,71.68,64.42079583333334,7.259204166666664
1102,71.68,64.41063611111112,7.26936388888889
1103,71.68,64.41063611111112,7.26936388888889
1104,71.68,64.37293333333334,7.307066666666667
1105,71.68,64.37293333333334,7.307066666666667
1106,71.68,64.3012513888889,7.378748611111109
1107,71.68,64.3012513888889,7.378748611111109
1108,71.68,64.19293611111111,7.4870638888888905
1109,71.68,64.19293611111111,7.4870638888888905
1110,71.68,64.08734305555556,7.5926569444444425
1111,71.68,64.08734305555556,7.5926569444444425
1112,71.68,63.98361666666667,7.696383333333338
1113,71.68,63.98361666666667,7.696383333333338
1114,71.68,63.90162916666667,7.778370833333336
1115,71.68,63.90162916666667,7.778370833333336
1116,71.68,64.03306388888889,7.646936111111113
1117,71.68,64.03306388888889,7.646936111111113
1118,71.68,64.1878125,7.492187500000001
1119,71.68,64.1878125,7.492187500000001
1120,71.68,64.10360833333334,7.576391666666664
1121,71.68,64.10360833333334,7.576391666666664
1122,71.68,63.67270972222222,8.00729027777778
1123,71.68,63.67270972222222,8.00729027777778
1124,71.68,63.070622222222234,8.609377777777777
1125,71.68,63.070622222222234,8.609377777777777
1126,71.68,62.255102777777786,9.42489722222222
1127,71.68,62.255102777777786,9.42489722222222
1128,71.68,61.49813055555556,10.181869444444441
1129,71.68,61.49813055555556,10.181869444444441
1130,71.68,61.04450138888889,10.635498611111116
1131,71.68,61.04450138888889,10.635498611111116
1132,71.68,60.92803888888889,10.751961111111111
1133,71.68,60.92803888888889,10.751961111111111
1134,71.68,60.75191111111111,10.928088888888894
1135,71.68,60.75191111111111,10.928088888888894
1136,71.68,60.648700000000005,11.031300000000003
1137,71.68,60.648700000000005,11.031300000000003
1138,71.68,60.44234583333334,11.237654166666667
1139,71.68,60.44234583333334,11.237654166666667
1140,71.68,60.15887500000001,11.521125
1141,71.68,60.15887500000001,11.521125
1142,71.68,59.813950000000006,11.86605
1143,71.68,59.813950000000006,11.86605
1144,71.68,59.719216666666675,11.960783333333335
1145,71.68,59.719216666666675,11.960783333333335
1146,71.68,59.678587500000006,12.001412500000002
1147,71.68,59.678587500000006,12.001412500000002
1148,71.68,59.6264375,12.053562500000004
1149,71.68,59.6264375,12.053562500000004
1150,71.68,59.34363750000001,12.3363625
1151,71.68,59.34363750000001,12.3363625
1152,71.68,58.36817777777778,13.311822222222224
1153,71.68,58.36817777777778,13.311822222222224
1154,71.68,57.051234722222226,14.628765277777779
1155,71.68,57.051234722222226,14.628765277777779
1156,71.68,55.25193333333334,16.428066666666663
1157,71.68,55.25193333333334,16.428066666666663
1158,71.68,54.82986250000001,16.8501375
1159,71.68,54.82986250000001,16.8501375
1160,71.68,55.594952777777785,16.08504722222222
1161,71.68,55.594952777777785,16.08504722222222
1162,71.68,56.480695833333336,15.19930416666667
1163,71.68,56.480695833333336,15.19930416666667
1164,71.68,56.92402916666667,14.755970833333334
1165,71.68,56.92402916666667,14.755970833333334
1166,71.68,57.039723611111114,14.640276388888893
1167,71.68,57.039723611111114,14.640276388888893
1168,71.68,57.13853055555556,14.541469444444449
1169,71.68,57.13853055555556,14.541469444444449
1170,71.68,57.46899861111112,14.21100138888889
1171,71.68,57.46899861111112,14.21100138888889
1172,71.68,58.14334166666667,13.536658333333339
1173,71.68,58.14334166666667,13.536658333333339
1174,71.68,58.987833333333334,12.692166666666672
1175,71.68,58.987833333333334,12.692166666666672
1176,71.68,59.551994444444446,12.128005555555559
1177,71.68,59.551994444444446,12.128005555555559
1178,71.68,59.91047222222223,11.769527777777775
1179,71.68,59.91047222222223,11.769527777777775
1180,71.68,60.569386111111115,11.11061388888889
1181,71.68,60.569386111111115,11.11061388888889
1182,71.68,61.147002777777786,10.532997222222225
1183,71.68,61.147002777777786,10.532997222222225
1184,71.68,61.44075000000001,10.23925
1185,71.68,61.44075000000001,10.23925
1186,71.68,61.3755138888889,10.304486111111109
1187,71.68,61.3755138888889,10.304486111111109
1188,71.68,60.858427777777784,10.821572222222219
1189,71.68,60.858427777777784,10.821572222222219
1190,71.68,59.8814513888889,11.798548611111109
1191,71.68,59.8814513888889,11.798548611111109
1192,71.68,58.677558333333344,13.002441666666664
1193,71.68,58.677558333333344,13.002441666666664
1194,71.68,58.01850833333334,13.66149166666667
1195,71.68,58.01850833333334,13.66149166666667
1196,71.68,57.8417875,13.838212500000003
1197,71.68,57.8417875,13.838212500000003
1198,71.68,57.522937500000005,14.1570625
1199,71.68,57.522937500000005,14.1570625
1200,71.68,57.2169888888889,14.463011111111111
1201,71.68,57.2169888888889,14.463011111111111
1202,71.68,57.00759166666668,14.672408333333331
1203,71.68,57.00759166666668,14.672408333333331
1204,71.68,56.90007361111111,14.779926388888894
1205,71.68,56.90007361111111,14.779926388888894
1206,71.68,57.02912638888889,14.650873611111113
1207,71.68,57.02912638888889,14.650873611111113
1208,71.68,57.168776388888894,14.511223611111113
1209,71.68,57.168776388888894,14.511223611111113
1210,71.68,57.290216666666666,14.38978333333334
1211,71.68,57.290216666666666,14.38978333333334
1212,71.68,57.27467083333334,14.405329166666672
1213,71.68,57.27467083333334,14.405329166666672
1214,71.68,57.00459722222223,14.675402777777778
1215,71.68,57.00459722222223,14.675402777777778
1216,71.68,56.833204166666675,14.846795833333335
1217,71.68,56.833204166666675,14.846795833333335
1218,71.68,56.697102777777786,14.98289722222222
1219,71.68,56.697102777777786,14.98289722222222
1220,71.68,56.66038194444445,15.019618055555554
1221,71.68,56.66038194444445,15.019618055555554
1222,71.68,56.70525972222223,14.97474027777778
1223,71.68,56.70525972222223,14.97474027777778
1224,71.68,56.73856805555556,14.941431944444448
1225,71.68,56.73856805555556,14.941431944444448
1226,71.68,56.881212500000004,14.798787500000001
1227,71.68,56.881212500000004,14.798787500000001
1228,71.68,56.94224861111112,14.737751388888888
1229,71.68,56.94224861111112,14.737751388888888
1230,71.68,56.930572222222224,14.749427777777779
1231,71.68,56.930572222222224,14.749427777777779
1232,71.68,56.816929166666675,14.863070833333332
1233,71.68,56.816929166666675,14.863070833333332
1234,71.68,56.80200555555556,14.877994444444449
1235,71.68,56.80200555555556,14.877994444444449
1236,71.68,56.795812500000004,14.884187500000003
1237,71.68,56.795812500000004,14.884187500000003
1238,71.68,56.80430972222222,14.875690277777782
1239,71.68,56.80430972222222,14.875690277777782
1240,71.68,56.85998888888889,14.820011111111112
1241,71.68,56.85998888888889,14.820011111111112
1242,71.68,56.88212638888889,14.797873611111115
1243,71.68,56.88212638888889,14.797873611111115
1244,71.68,57.20422361111112,14.475776388888892
1245,71.68,57.20422361111112,14.475776388888892
1246,71.68,57.46931944444445,14.210680555555555
1247,71.68,57.46931944444445,14.210680555555555
1248,71.68,57.56975972222223,14.110240277777777
1249,71.68,57.56975972222223,14.110240277777777
1250,71.68,57.61469583333334,14.065304166666666
1251,71.68,57.61469583333334,14.065304166666666
1252,71.68,57.55783055555556,14.122169444444447
1253,71.68,57.55783055555556,14.122169444444447
1254,71.68,57.52205277777779,14.157947222222221
1255,71.68,57.52205277777779,14.157947222222221
1256,71.68,57.524755555555565,14.155244444444445
1257,71.68,57.524755555555565,14.155244444444445
1258,71.68,57.520118055555564,14.159881944444443
1259,71.68,57.520118055555564,14.159881944444443
1260,71.68,57.5319888888889,14.14801111111111
1261,71.68,57.5319888888889,14.14801111111111
1262,71.68,56.83759861111112,14.842401388888888
1263,71.68,56.83759861111112,14.842401388888888
1264,71.68,56.84337361111112,14.83662638888889
1265,71.68,56.84337361111112,14.83662638888889
1266,71.68,56.61047777777778,15.069522222222224
1267,71.68,56.61047777777778,15.069522222222224
1268,71.68,56.44672638888889,15.233273611111116
1269,71.68,56.44672638888889,15.233273611111116
1270,71.68,56.25654027777778,15.423459722222223
1271,71.68,56.25654027777778,15.423459722222223
1272,71.68,55.79567777777778,15.884322222222224
1273,71.68,55.79567777777778,15.884322222222224
1274,71.68,55.42893611111112,16.251063888888886
1275,71.68,55.42893611111112,16.251063888888886
1276,71.68,55.11661944444445,16.563380555555558
1277,71.68,55.11661944444445,16.563380555555558
1278,71.68,54.86524166666668,16.814758333333334
1279,71.68,54.86524166666668,16.814758333333334
1280,71.68,54.566643055555566,17.113356944444444
1281,71.68,54.566643055555566,17.113356944444444
1282,71.68,54.356438888888896,17.32356111111111
1283,71.68,54.356438888888896,17.32356111111111
1284,71.68,54.15665694444445,17.523343055555557
1285,71.68,54.15665694444445,17.523343055555557
1286,71.68,54.1001125,17.5798875
1287,71.68,54.1001125,17.5798875
1288,71.68,53.937877777777786,17.74212222222222
1289,71.68,53.93783888888889,17.742161111111113
1290,71.68,53.480204166666674,18.199795833333333
1291,71.68,53.48006805555556,18.199931944444444
1292,71.68,52.98104583333334,18.69895416666667
1293,71.68,52.980763888888895,18.699236111111112
1294,71.68,52.93388333333334,18.746116666666666
1295,71.68,52.93313472222222,18.746865277777783
1296,71.68,52.846500000000006,18.833499999999997
1297,71.68,52.84594583333334,18.834054166666668
1298,71.68,52.63699583333334,19.043004166666666
1299,71.68,52.635829166666674,19.044170833333332
1300,71.68,52.500291666666676,19.17970833333333
1301,71.68,52.499125,19.180875000000004
1302,71.68,52.31071805555556,19.36928194444445
1303,71.68,52.3107375,19.3692625
1304,71.68,52.067176388888896,19.612823611111114
1305,71.68,52.06703055555556,19.612969444444445
1306,71.68,51.99255833333334,19.687441666666665
1307,71.68,51.99255833333334,19.687441666666665
1308,71.68,51.699375,19.980625000000003
1309,71.68,51.699375,19.980625000000003
1310,71.68,51.404091666666666,20.275908333333337
1311,71.68,51.404091666666666,20.275908333333337
1312,71.68,51.19662916666667,20.48337083333334
1313,71.68,51.197251388888894,20.482748611111113
1314,71.68,51.00680277777778,20.673197222222225
1315,71.68,51.006375000000006,20.673625
1316,71.68,50.883875,20.796125
1317,71.68,50.88349583333334,20.796504166666665
1318,71.68,51.788313888888894,19.891686111111113
1319,71.68,51.7878763888889,19.892123611111113
1320,71.68,51.25319305555556,20.426806944444447
1321,71.68,51.25330972222223,20.42669027777778
1322,71.68,51.43088611111112,20.24911388888889
1323,71.68,51.43139166666667,20.248608333333337
1324,71.68,52.21162916666667,19.46837083333334
1325,71.68,52.211356944444454,19.468643055555553
1326,71.68,53.18828472222223,18.491715277777775
1327,71.68,53.18754583333334,18.49245416666667
1328,71.68,53.949116666666676,17.73088333333333
1329,71.68,53.94844583333334,17.731554166666665
1330,71.68,54.61617777777778,17.063822222222225
1331,71.68,54.61617777777778,17.063822222222225
1332,71.68,55.20188333333334,16.478116666666665
1333,71.68,55.20188333333334,16.478116666666665
1334,71.68,55.59321250000001,16.0867875
1335,71.68,55.59321250000001,16.0867875
1336,71.68,56.15330000000001,15.526699999999998
1337,71.68,56.15330000000001,15.526699999999998
1338,71.68,56.69167777777778,14.988322222222227
1339,71.68,56.69167777777778,14.988322222222227
1340,71.68,56.972640277777785,14.707359722222222
1341,71.68,56.972640277777785,14.707359722222222
1342,71.68,57.27971666666667,14.400283333333336
1343,71.68,57.27971666666667,14.400283333333336
1344,71.68,57.65183472222223,14.028165277777777
1345,71.68,57.65183472222223,14.028165277777777
1346,71.68,58.085125000000005,13.594875
1347,71.68,58.08363750000001,13.5963625
1348,71.68,58.341393055555564,13.338606944444447
1349,71.68,58.341393055555564,13.338606944444447
1350,71.68,58.542779166666676,13.137220833333334
1351,71.68,58.543061111111115,13.13693888888889
1352,71.68,58.60598333333334,13.074016666666667
1353,71.68,58.60633333333334,13.073666666666666
1354,71.68,58.59507500000001,13.084925000000002
1355,71.68,58.595181944444455,13.084818055555555
1356,71.68,58.368411111111115,13.31158888888889
1357,71.68,58.368411111111115,13.31158888888889
1358,71.68,58.27174305555556,13.408256944444446
1359,71.68,58.27130555555556,13.408694444444448
1360,71.68,58.30735555555556,13.372644444444449
1361,71.68,58.30735555555556,13.372644444444449
1362,71.68,58.36317083333334,13.316829166666666
1363,71.68,58.36069166666667,13.319308333333337
1364,71.68,58.38137083333334,13.298629166666668
1365,71.68,58.38137083333334,13.298629166666668
1366,71.68,58.53860833333334,13.141391666666665
1367,71.68,58.53860833333334,13.141391666666665
1368,71.68,58.80538611111111,12.874613888888893
1369,71.68,58.80794305555556,12.872056944444449
1370,71.68,59.21854166666667,12.461458333333336
1371,71.68,59.21854166666667,12.461458333333336
1372,71.68,59.553676388888896,12.12632361111111
1373,71.68,59.553676388888896,12.12632361111111
1374,71.68,59.90933472222223,11.770665277777777
1375,71.68,59.90933472222223,11.770665277777777
1376,71.68,60.31348750000001,11.366512499999999
1377,71.68,60.31348750000001,11.366512499999999
1378,71.68,60.68765694444445,10.992343055555558
1379,71.68,60.68765694444445,10.992343055555558
1380,71.68,61.022111111111116,10.657888888888893
1381,71.68,61.022111111111116,10.657888888888893
1382,71.68,61.36748333333333,10.31251666666667
1383,71.68,61.36748333333333,10.31251666666667
1384,71.68,61.587283333333346,10.092716666666664
1385,71.68,61.587283333333346,10.092716666666664
1386,71.68,61.724337500000004,9.9556625
1387,71.68,61.724337500000004,9.9556625
1388,71.68,61.82078194444445,9.859218055555559
1389,71.68,61.82078194444445,9.859218055555559
1390,71.68,61.8818763888889,9.798123611111109
1391,71.68,61.8818763888889,9.798123611111109
1392,71.68,61.93446388888889,9.745536111111115
1393,71.68,61.93446388888889,9.745536111111115
1394,71.68,61.97975,9.700250000000004
1395,71.68,61.97975,9.700250000000004
1396,71.68,62.051237500000006,9.628762500000004
1397,71.68,62.051237500000006,9.628762500000004
1398,71.68,62.01310694444445,9.666893055555555
1399,71.68,62.013447222222226,9.666552777777783
1400,71.68,61.80499305555556,9.875006944444443
1401,71.68,61.80499305555556,9.875006944444443
1402,71.68,61.656495833333345,10.023504166666665
1403,71.68,61.656495833333345,10.023504166666665
1404,71.68,61.548258333333344,10.131741666666665
1405,71.68,61.548258333333344,10.131741666666665
1406,71.68,61.42796527777778,10.252034722222227
1407,71.68,61.42796527777778,10.252034722222227
1408,71.68,61.293020833333344,10.386979166666665
1409,71.68,61.293020833333344,10.386979166666665
1410,71.68,60.99205972222223,10.687940277777779
1411,71.68,60.99205972222223,10.687940277777779
1412,71.68,60.586779166666666,11.093220833333339
1413,71.68,60.586779166666666,11.093220833333339
1414,71.68,60.10870833333334,11.571291666666669
1415,71.68,60.10901944444445,11.57098055555556
1416,71.68,59.76054583333334,11.919454166666668
1417,71.68,59.76655416666667,11.913445833333336
1418,71.68,59.616686111111115,12.063313888888892
1419,71.68,59.623316666666675,12.056683333333336
1420,71.68,59.42447777777779,12.25552222222222
1421,71.68,59.4700263888889,12.209973611111112
1422,71.68,59.14917361111111,12.530826388888894
1423,71.68,59.19701666666667,12.482983333333337
1424,71.68,58.837994444444455,12.842005555555554
1425,71.68,58.87818611111112,12.801813888888889
1426,71.68,58.25958055555556,13.420419444444448
1427,71.68,58.28911666666667,13.390883333333331
1428,71.68,57.925894444444445,13.75410555555556
1429,71.68,57.94436666666667,13.735633333333336
1430,71.68,57.68499722222223,13.995002777777778
1431,71.68,57.72524722222222,13.954752777777783
1432,71.68,57.514926388888895,14.16507361111111
1433,71.68,57.56095138888889,14.119048611111115
1434,71.68,57.276187500000006,14.403812499999999
1435,71.68,57.318712500000004,14.361287500000001
1436,71.68,57.02012361111112,14.659876388888891
1437,71.68,57.04112361111112,14.638876388888887
1438,71.68,56.92387361111111,14.756126388888891
1439,71.68,56.90199861111112,14.778001388888892
1440,71.68,57.042193055555565,14.637806944444442
1441,71.68,56.99710138888889,14.682898611111112
1442,71.68,57.214315277777786,14.465684722222223
1443,71.68,57.179947222222225,14.50005277777778
1444,71.68,57.38799305555556,14.292006944444447
1445,71.68,57.37268055555556,14.307319444444445
1446,71.68,57.410208333333344,14.269791666666665
1447,71.68,57.38881944444445,14.291180555555554
1448,71.68,57.360819444444445,14.31918055555556
1449,71.68,57.34384444444445,14.336155555555557
1450,71.68,57.42547222222223,14.254527777777776
1451,71.68,57.43741111111112,14.242588888888887
1452,71.68,57.57603055555556,14.103969444444449
1453,71.68,57.60422500000001,14.075775
1454,71.68,57.58210694444445,14.09789305555556
1455,71.68,57.66452222222223,14.015477777777779
1456,71.68,57.54122500000001,14.138774999999999
1457,71.68,57.582748611111114,14.09725138888889
1458,71.68,57.59169305555556,14.088306944444449
1459,71.68,57.61452083333334,14.06547916666667
1460,71.68,57.82891527777778,13.851084722222224
1461,71.68,57.87573750000001,13.804262500000002
1462,71.68,58.125258333333335,13.55474166666667
1463,71.68,58.164147222222226,13.515852777777782
1464,71.68,58.33740694444445,13.342593055555554
1465,71.68,58.34477638888889,13.335223611111115
1466,71.68,58.27875277777778,13.401247222222226
1467,71.68,58.28478055555556,13.395219444444448
1468,71.68,58.40935138888889,13.270648611111115
1469,71.68,58.44184305555556,13.23815694444445
1470,71.68,58.56903888888889,13.110961111111115
1471,71.68,58.618525000000005,13.061475
1472,71.68,58.858430555555564,12.821569444444444
1473,71.68,58.88201666666667,12.797983333333338
1474,71.68,59.13250000000001,12.547500000000001
1475,71.68,59.13263611111112,12.547363888888889
1476,71.68,59.34863472222223,12.331365277777776
1477,71.68,59.354555555555564,12.325444444444447
1478,71.68,59.54779444444445,12.132205555555554
1479,71.68,59.55456111111112,12.125438888888887
1480,71.68,59.692597222222226,11.987402777777781
1481,71.68,59.67885972222223,12.001140277777777
1482,71.68,59.78617361111112,11.893826388888892
1483,71.68,59.764784722222224,11.915215277777781
1484,71.68,59.74087777777778,11.939122222222222
1485,71.68,59.72637222222223,11.953627777777776
1486,71.68,59.539190277777784,12.140809722222224
1487,71.68,59.536215277777785,12.143784722222225
1488,71.68,59.216256944444446,12.463743055555558
1489,71.68,59.204881944444445,12.47511805555556
1490,71.68,58.86605277777778,12.813947222222227
1491,71.68,58.84839722222223,12.831602777777777
1492,71.68,58.433394444444446,13.24660555555556
1493,71.68,58.40955555555556,13.270444444444447
1494,71.68,57.89083611111112,13.78916388888889
1495,71.68,57.8608625,13.8191375
1496,71.68,57.42710555555556,14.252894444444443
1497,71.68,57.37775555555556,14.302244444444447
1498,71.68,57.010625000000005,14.669375000000002
1499,71.68,56.99305694444445,14.686943055555558
1500,71.68,56.78877361111112,14.891226388888889
1501,71.68,56.787354166666674,14.892645833333333
1502,71.68,56.55144444444445,15.12855555555556
1503,71.68,56.54405555555556,15.135944444444444
1504,71.68,56.592647222222226,15.08735277777778
1505,71.68,56.55964027777779,15.12035972222222
1506,71.68,56.62903750000001,15.050962499999999
1507,71.68,56.60164027777778,15.078359722222226
1508,71.68,56.60865972222223,15.071340277777779
1509,71.68,56.604109722222226,15.075890277777782
1510,71.68,56.606238888888896,15.073761111111112
1511,71.68,56.62309722222223,15.056902777777783
1512,71.68,56.61036111111112,15.06963888888889
1513,71.68,56.62705416666667,15.052945833333338
1514,71.68,56.600415277777785,15.079584722222222
1515,71.68,56.60035694444445,15.07964305555556
1516,71.68,56.92470000000001,14.755299999999998
1517,71.68,56.92470000000001,14.755299999999998
1518,71.68,57.1908263888889,14.48917361111111
1519,71.68,57.19028194444445,14.489718055555558
1520,71.68,57.340675000000005,14.339324999999999
1521,71.68,57.340675000000005,14.339324999999999
1522,71.68,57.58688055555557,14.093119444444442
1523,71.68,57.58583055555556,14.094169444444448
1524,71.68,57.839288888888895,13.840711111111112
1525,71.68,57.83814166666667,13.841858333333331
1526,71.68,57.723225,13.956775000000006
1527,71.68,57.72795,13.952050000000005
1528,71.68,57.85600138888889,13.823998611111113
1529,71.68,57.869262500000005,13.8107375
1530,71.68,57.936083333333336,13.74391666666667
1531,71.68,57.936083333333336,13.74391666666667
1532,71.68,58.02784166666667,13.652158333333336
1533,71.68,58.03416111111112,13.645838888888889
1534,71.68,58.461744444444456,13.218255555555555
1535,71.68,58.48945277777778,13.190547222222227
1536,71.68,58.8385875,12.841412500000002
1537,71.68,58.871186111111115,12.80881388888889
1538,71.68,58.968340277777784,12.711659722222223
1539,71.68,58.98446944444445,12.695530555555557
1540,71.68,58.72481805555556,12.955181944444448
1541,71.68,58.73429722222223,12.945702777777777
1542,71.68,58.24474444444445,13.435255555555555
1543,71.68,58.24909027777779,13.430909722222221
1544,71.68,57.88366111111112,13.796338888888886
1545,71.68,57.88344722222222,13.796552777777782
1546,71.68,58.018595833333336,13.661404166666667
1547,71.68,58.01729305555556,13.662706944444446
1548,71.68,58.51270833333334,13.167291666666666
1549,71.68,58.509354166666675,13.170645833333332
1550,71.68,59.05086250000001,12.6291375
1551,71.68,59.04887916666667,12.631120833333332
1552,71.68,59.060477777777784,12.619522222222225
1553,71.68,59.05949583333334,12.620504166666667
1554,71.68,58.82180694444445,12.858193055555557
1555,71.68,58.82286666666668,12.857133333333332
1556,71.68,58.876961111111115,12.80303888888889
1557,71.68,58.876961111111115,12.80303888888889
1558,71.68,58.72356388888889,12.956436111111115
1559,71.68,58.72477916666668,12.955220833333332
1560,71.68,58.22580555555556,13.454194444444447
1561,71.68,58.22580555555556,13.454194444444447
1562,71.68,57.96047638888889,13.719523611111116
1563,71.68,57.96223611111112,13.717763888888891
1564,71.68,57.648140277777784,14.031859722222222
1565,71.68,57.653604166666675,14.026395833333332
1566,71.68,57.10998611111112,14.570013888888887
1567,71.68,57.10998611111112,14.570013888888887
1568,71.68,56.82909166666667,14.850908333333336
1569,71.68,56.82909166666667,14.850908333333336
1570,71.68,56.74318611111112,14.936813888888889
1571,71.68,56.74318611111112,14.936813888888889
1572,71.68,56.773840277777786,14.906159722222224
1573,71.68,56.75318055555556,14.926819444444448
1574,71.68,56.902679166666665,14.777320833333338
1575,71.68,56.844841666666674,14.835158333333336
1576,71.68,57.122148611111115,14.557851388888892
1577,71.68,57.06579861111112,14.614201388888889
1578,71.68,57.41580833333334,14.26419166666667
1579,71.68,57.298723611111114,14.38127638888889
1580,71.68,57.657181944444446,14.022818055555561
1581,71.68,57.56396527777778,14.116034722222222
1582,71.68,57.93602500000001,13.743974999999999
1583,71.68,57.90499166666667,13.775008333333336
1584,71.68,58.44410833333334,13.235891666666667
1585,71.68,58.44410833333334,13.235891666666667
1586,71.68,58.50915972222223,13.170840277777781
1587,71.68,58.50915972222223,13.170840277777781
1588,71.68,58.54798055555556,13.132019444444449
1589,71.68,58.552219444444454,13.127780555555553
1590,71.68,58.25876388888889,13.421236111111115
1591,71.68,58.255273611111114,13.424726388888892
1592,71.68,57.95683055555556,13.723169444444444
1593,71.68,57.93770694444445,13.742293055555557
1594,71.68,57.75256666666667,13.927433333333337
1595,71.68,57.73118750000001,13.948812499999999
1596,71.68,57.6807,13.999300000000002
1597,71.68,57.67118194444445,14.008818055555558
1598,71.68,58.02349583333334,13.656504166666664
1599,71.68,58.01231527777778,13.667684722222225
1600,71.68,58.26629861111112,13.41370138888889
1601,71.68,58.266940277777785,13.41305972222222
1602,71.68,57.753781944444455,13.926218055555553
1603,71.68,57.74768611111112,13.932313888888887
1604,71.68,57.015884722222225,14.66411527777778
1605,71.68,57.015884722222225,14.66411527777778
1606,71.68,57.121701388888894,14.558298611111113
1607,71.68,57.121701388888894,14.558298611111113
1608,71.68,57.03811944444445,14.641880555555561
1609,71.68,57.03811944444445,14.641880555555561
1610,71.68,56.86658055555556,14.813419444444447
1611,71.68,57.00521944444445,14.674780555555555
1612,71.68,57.004198611111114,14.675801388888889
1613,71.68,57.08762500000001,14.592375
1614,71.68,57.271306944444454,14.408693055555556
1615,71.68,57.25699583333334,14.423004166666667
1616,71.68,57.39874583333334,14.281254166666669
1617,71.68,57.35139861111112,14.328601388888886
1618,71.68,57.32296111111112,14.357038888888887
1619,71.68,57.293736111111116,14.386263888888887
1620,71.68,57.08730416666667,14.592695833333336
1621,71.68,57.06192916666667,14.618070833333332
1622,71.68,56.672563888888895,15.007436111111113
1623,71.68,56.65944861111111,15.020551388888894
1624,71.68,56.05793472222223,15.622065277777775
1625,71.68,56.056534722222224,15.623465277777782
1626,71.68,55.41920416666667,16.260795833333336
1627,71.68,55.38622638888889,16.293773611111114
1628,71.68,54.74365555555556,16.936344444444448
1629,71.68,54.63175277777778,17.048247222222226
1630,71.68,54.31008333333334,17.36991666666667
1631,71.68,54.31008333333334,17.36991666666667
1632,71.68,54.26091805555556,17.419081944444446
1633,71.68,54.33372777777778,17.346272222222222
1634,71.68,54.28034305555556,17.399656944444445
1635,71.68,54.57916527777778,17.10083472222222
1636,71.68,54.563434722222226,17.116565277777777
1637,71.68,54.79427916666667,16.885720833333338
1638,71.68,54.84319166666667,16.836808333333337
1639,71.68,54.96031527777778,16.719684722222226
1640,71.68,55.068650000000005,16.611349999999998
1641,71.68,55.086558333333336,16.59344166666667
1642,71.68,55.15063750000001,16.529362499999998
1643,71.68,55.11772777777779,16.56227222222222
1644,71.68,55.495737500000004,16.184262500000003
1645,71.68,55.48964166666667,16.190358333333336
1646,71.68,55.64042361111111,16.039576388888893
1647,71.68,55.637798611111116,16.042201388888888
1648,71.68,55.87153055555556,15.80846944444445
1649,71.68,55.87383472222222,15.806165277777783
1650,71.68,56.00998472222223,15.67001527777778
1651,71.68,56.00998472222223,15.67001527777778
1652,71.68,56.08537083333334,15.594629166666664
1653,71.68,56.08537083333334,15.594629166666664
1654,71.68,56.19336527777778,15.486634722222226
1655,71.68,56.19336527777778,15.486634722222226
1656,71.68,56.11674444444445,15.563255555555555
1657,71.68,56.11674444444445,15.563255555555555
1658,71.68,56.27122083333334,15.408779166666665
1659,71.68,56.27122083333334,15.408779166666665
1660,71.68,56.574583333333344,15.105416666666665
1661,71.68,56.59884027777778,15.081159722222225
1662,71.68,56.604041666666674,15.07595833333333
1663,71.68,56.581,15.099000000000004
1664,71.68,56.47074027777778,15.209259722222226
1665,71.68,56.47074027777778,15.209259722222226
1666,71.68,56.51189444444445,15.168105555555556
1667,71.68,56.54397777777779,15.13602222222222
1668,71.68,56.679009722222226,15.00099027777778
1669,71.68,56.679009722222226,15.00099027777778
1670,71.68,57.33210972222223,14.347890277777777
1671,71.68,57.3289888888889,14.35101111111111
1672,71.68,58.47960416666667,13.200395833333335
1673,71.68,58.47960416666667,13.200395833333335
1674,71.68,59.30547777777778,12.374522222222224
1675,71.68,59.30547777777778,12.374522222222224
1676,71.68,59.7064513888889,11.973548611111108
1677,71.68,59.705965277777786,11.974034722222221
1678,71.68,59.75916527777778,11.92083472222222
1679,71.68,59.75916527777778,11.92083472222222
1680,71.68,59.546977777777784,12.133022222222221
1681,71.68,59.546977777777784,12.133022222222221
1682,71.68,59.520747222222234,12.159252777777775
1683,71.68,59.520747222222234,12.159252777777775
1684,71.68,59.221477777777785,12.45852222222222
1685,71.68,59.221477777777785,12.45852222222222
1686,71.68,58.48710972222223,13.192890277777776
1687,71.68,58.48710972222223,13.192890277777776
1688,71.68,58.54530694444445,13.13469305555556
1689,71.68,58.54530694444445,13.13469305555556
1690,71.68,58.236227777777785,13.443772222222222
1691,71.68,58.236227777777785,13.443772222222222
1692,71.68,57.14389722222223,14.536102777777778
1693,71.68,57.14389722222223,14.536102777777778
1694,71.68,56.640801388888896,15.039198611111114
1695,71.68,56.640801388888896,15.039198611111114
1696,71.68,56.45248194444445,15.227518055555555
1697,71.68,56.45248194444445,15.227518055555555
1698,71.68,55.91180000000001,15.7682
1699,71.68,55.91180000000001,15.7682
1700,71.68,55.33480555555556,16.34519444444444
1701,71.68,55.33480555555556,16.34519444444444
1702,71.68,55.311754166666674,16.368245833333336
1703,71.68,55.311754166666674,16.368245833333336
1704,71.68,55.238020833333344,16.441979166666666
1705,71.68,55.238020833333344,16.441979166666666
1706,71.68,55.037850000000006,16.64215
1707,71.68,55.037850000000006,16.64215
1708,71.68,54.757937500000004,16.9220625
1709,71.68,54.757937500000004,16.9220625
1710,71.68,54.05961944444445,17.620380555555556
1711,71.68,54.05961944444445,17.620380555555556
1712,71.68,53.613894444444455,18.066105555555556
1713,71.68,53.613894444444455,18.066105555555556
1714,71.68,53.33015138888889,18.34984861111111
1715,71.68,53.33015138888889,18.34984861111111
1716,71.68,53.192756944444454,18.487243055555556
1717,71.68,53.192756944444454,18.487243055555556
1718,71.68,53.136358333333334,18.54364166666667
1719,71.68,53.136358333333334,18.54364166666667
1720,71.68,53.25285,18.42715
1721,71.68,53.25285,18.42715
1722,71.68,53.93955000000001,17.74045
1723,71.68,53.93955000000001,17.74045
1724,71.68,55.28443472222223,16.39556527777778
1725,71.68,55.28443472222223,16.39556527777778
1726,71.68,56.58224444444445,15.097755555555556
1727,71.68,56.58224444444445,15.097755555555556
1728,71.68,57.20651805555556,14.473481944444444
1729,71.68,57.20651805555556,14.473481944444444
1730,71.68,57.54181805555556,14.138181944444447
1731,71.68,57.54181805555556,14.138181944444447
1732,71.68,57.87879027777778,13.801209722222225
1733,71.68,57.87879027777778,13.801209722222225
1734,71.68,58.250441666666674,13.429558333333333
1735,71.68,58.250441666666674,13.429558333333333
1736,71.68,58.56310833333333,13.116891666666671
1737,71.68,58.56299166666667,13.117008333333338
1738,71.68,58.751738888888895,12.928261111111114
1739,71.68,58.751738888888895,12.928261111111114
1740,71.68,58.5969125,13.083087500000001
1741,71.68,58.5969125,13.083087500000001
1742,71.68,57.94251944444445,13.737480555555555
1743,71.68,57.94251944444445,13.737480555555555
1744,71.68,56.94989027777778,14.730109722222224
1745,71.68,56.94989027777778,14.730109722222224
1746,71.68,55.77025416666667,15.90974583333334
1747,71.68,55.77966527777778,15.900334722222222
1748,71.68,54.629575,17.050425
1749,71.68,54.6305763888889,17.049423611111113
1750,71.68,53.620962500000005,18.059037500000006
1751,71.68,53.60240277777778,18.077597222222224
1752,71.68,52.74354166666667,18.936458333333338
1753,71.68,52.74354166666667,18.936458333333338
1754,71.68,52.45863194444445,19.221368055555562
1755,71.68,52.45863194444445,19.221368055555562
1756,71.68,52.664606944444444,19.01539305555556
1757,71.68,52.664606944444444,19.01539305555556
1758,71.68,52.86304722222223,18.816952777777775
1759,71.68,52.86304722222223,18.816952777777775
1760,71.68,53.19759861111112,18.48240138888889
1761,71.68,53.19759861111112,18.48240138888889
1762,71.68,53.76477361111112,17.915226388888893
1763,71.68,53.76477361111112,17.915226388888893
1764,71.68,53.97723333333334,17.702766666666665
1765,71.68,53.97723333333334,17.702766666666665
1766,71.68,53.31410972222223,18.365890277777783
1767,71.68,53.31410972222223,18.365890277777783
1768,71.68,53.212337500000004,18.467662500000003
1769,71.68,53.212337500000004,18.467662500000003
1770,71.68,53.32244166666667,18.35755833333334
1771,71.68,53.32244166666667,18.35755833333334
1772,71.68,53.64918611111111,18.030813888888893
1773,71.68,53.64918611111111,18.030813888888893
1774,71.68,53.94433333333334,17.73566666666667
1775,71.68,53.94433333333334,17.73566666666667
1776,71.68,54.10402083333334,17.57597916666667
1777,71.68,54.10402083333334,17.57597916666667
1778,71.68,54.35776111111112,17.322238888888887
1779,71.68,54.35776111111112,17.322238888888887
1780,71.68,54.761563888888894,16.91843611111111
1781,71.68,54.761563888888894,16.91843611111111
1782,71.68,55.01977638888889,16.660223611111117
1783,71.68,55.01977638888889,16.660223611111117
1784,71.68,55.26535972222222,16.41464027777778
1785,71.68,55.26535972222222,16.41464027777778
1786,71.68,56.18397361111112,15.496026388888888
1787,71.68,56.18397361111112,15.496026388888888
1788,71.68,55.996772222222226,15.683227777777782
1789,71.68,55.996772222222226,15.683227777777782
1790,71.68,55.76189305555556,15.918106944444448
1791,71.68,55.76189305555556,15.918106944444448
1792,71.68,55.47465972222223,16.205340277777783
1793,71.68,55.47465972222223,16.205340277777783
1794,71.68,55.329798611111116,16.350201388888895
1795,71.68,55.329798611111116,16.350201388888895
1796,71.68,55.32276944444445,16.35723055555556
1797,71.68,55.32276944444445,16.35723055555556
1798,71.68,55.079208333333334,16.60079166666667
1799,71.68,55.079208333333334,16.60079166666667
